"id","delivery_person_id","delivery_person_age","delivery_person_ratings","restaurant_latitude","restaurant_longitude","delivery_location_latitude","delivery_location_longitude","type_of_order","type_of_vehicle","time_taken_min","distancia_km","velocidad_kmh"
"4607","INDORES13DEL02",37,4.9,22.745049,75.892471,22.765049,75.912471,"Snack","motorcycle",24,3.02853815562757,7.57134538906893
"B379","BANGRES18DEL02",34,4.5,12.913041,77.683237,13.043041,77.813237,"Snack","scooter",33,20.2061399707167,36.7384363103939
"7A6A","COIMBRES13DEL02",38,4.7,11.003669,76.976494,11.053669,77.026494,"Buffet","motorcycle",21,7.79912841935973,22.2832240553135
"70A2","CHENRES12DEL01",32,4.6,12.972793,80.249982,13.012793,80.289982,"Snack","scooter",30,6.21709476277693,12.4341895255539
"9BB4","HYDRES09DEL03",22,4.8,17.431668,78.408321,17.461668,78.438321,"Buffet","motorcycle",26,4.61552982431865,10.6512226715046
"95B4","RANCHIRES15DEL01",33,4.7,23.369746,85.33982,23.479746,85.44982,"Meal","scooter",40,16.6189573886833,24.928436083025
"9EB2","MYSRES15DEL02",35,4.6,12.352058,76.60665,12.482058,76.73665,"Meal","motorcycle",32,20.2278878126497,37.9272896487182
"1102","HYDRES05DEL02",22,4.8,17.433809,78.386744,17.563809,78.516744,"Buffet","motorcycle",34,19.9978973090837,35.29040701603
"CDCD","DEHRES17DEL01",36,4.2,30.327968,78.046106,30.397968,78.116106,"Snack","motorcycle",46,10.2920987047404,13.4244765714005
"D987","KOCRES16DEL01",21,4.7,10.003064,76.307589,10.043064,76.347589,"Meal","motorcycle",23,6.24931152973286,16.3025518166944
"2784","PUNERES13DEL03",23,4.7,18.56245,73.916619,18.65245,74.006619,"Drinks","scooter",21,13.8033058455965,39.4380167017043
"C8B6","LUDHRES15DEL02",34,4.3,30.899584,75.809346,30.919584,75.829346,"Buffet","motorcycle",20,2.93354037020554,8.80062111061663
"DB64","KNPRES14DEL02",24,4.7,26.463504,80.372929,26.593504,80.502929,"Snack","scooter",41,19.4183470090324,28.4170931839499
"3AF3","MUMRES15DEL03",29,4.5,19.176269,72.836721,19.266269,72.926721,"Buffet","electric_scooter",20,13.779396076327,41.338188228981
"3AAB","MYSRES01DEL01",35,4,12.311072,76.654878,12.351072,76.694878,"Meal","scooter",33,6.22496679597761,11.318121447232
"689B","PUNERES20DEL01",33,4.2,18.592718,73.773572,18.702718,73.883572,"Snack","motorcycle",40,16.8688157650099,25.3032236475148
"6F67","HYDRES14DEL01",34,4.9,17.426228,78.407495,17.496228,78.477495,"Snack","motorcycle",41,10.769159261019,15.7597452600278
"C9CF","KOLRES15DEL03",21,4.7,22.552672,88.352885,22.582672,88.382885,"Meal","motorcycle",15,4.54566088683401,18.182643547336
"36B8","PUNERES19DEL02",25,4.1,18.563934,73.915367,18.643935,73.995367,"Snack","motorcycle",36,12.2698060982059,20.4496768303432
"5795","RANCHIRES06DEL02",31,4.7,23.357804,85.325146,23.487804,85.455146,"Meal","electric_scooter",26,19.6407168943563,45.3247312946683
"B816","CHENRES19DEL02",33,4.3,12.986047,80.218114,13.116047,80.348114,"Meal","scooter",39,20.203242113457,31.0819109437799
"539B","MUMRES02DEL01",25,4,19.221315,72.862381,19.261315,72.902381,"Buffet","motorcycle",34,6.12382409894093,10.8067484098958
"A1B2","CHENRES01DEL01",29,4.5,13.005801,80.250744,13.115801,80.360744,"Meal","electric_scooter",15,17.0947230335075,68.37889213403
"3231","JAPRES16DEL03",27,5,26.849596,75.800512,26.879596,75.830512,"Snack","motorcycle",18,4.47529424876204,14.9176474958735
"8BC0","SURRES15DEL03",35,4.3,21.160522,72.771477,21.250522,72.861477,"Drinks","scooter",38,13.6973715943248,21.6274288331444
"2288","BANGRES09DEL03",32,4,12.934179,77.615797,13.024179,77.705797,"Buffet","motorcycle",47,13.9888358644967,17.8580883376554
"3E+60","COIMBRES02DEL03",31,4.8,11.022477,76.995667,11.052477,77.025667,"Drinks","motorcycle",26,4.67940828286488,10.798634498919
"BFF","SURRES16DEL02",36,4.1,21.160437,72.774209,21.210437,72.824209,"Drinks","motorcycle",22,7.61013234773019,20.7549064029005
"D936","GOARES15DEL02",26,4.3,15.51315,73.78346,15.56315,73.83346,"Buffet","motorcycle",21,7.72897296997432,22.0827799142124
"D681","GOARES07DEL01",38,4.9,15.561295,73.749478,15.601295,73.789478,"Drinks","scooter",25,6.18255440824576,14.8381305797898
"30C8","PUNERES19DEL02",32,4.6,18.563934,73.915367,18.693935,74.045367,"Drinks","scooter",30,19.9369960411806,39.8739920823612
"B843","PUNERES02DEL01",33,4.9,18.55144,73.804855,18.62144,73.874855,"Snack","motorcycle",22,10.7365316992574,29.2814500888839
"B3A0","PUNERES18DEL01",20,4.7,18.593481,73.785901,18.633481,73.825901,"Snack","scooter",10,6.13470005206375,36.8082003123825
"4BDA","HYDRES17DEL02",35,5,17.451976,78.385883,17.471976,78.405883,"Snack","scooter",11,3.07689674212026,16.7830731388378
"9D26","BANGRES17DEL02",26,4.9,12.972532,77.608179,12.992532,77.628179,"Buffet","scooter",11,3.10860994613093,16.9560542516233
"9B18","BANGRES17DEL01",22,4.8,12.972532,77.608179,13.042532,77.678179,"Snack","motorcycle",28,10.8796008770668,23.3134304508575
"5D99","CHENRES11DEL01",35,4.3,13.064181,80.236442,13.134181,80.306442,"Snack","motorcycle",33,10.8776364482125,19.7775208149319
"4F0","MUMRES17DEL02",29,4.6,19.121999,72.908493,19.201999,72.988493,"Drinks","scooter",33,12.2504315896721,22.273511981222
"B796","SURRES17DEL03",37,4.7,21.149569,72.772697,21.239569,72.862697,"Snack","motorcycle",52,13.6978438953311,15.8052044946128
"85B4","MUMRES07DEL01",28,4.6,19.091458,72.827808,19.201458,72.937808,"Snack","scooter",22,16.8450909480847,45.94115713114
"C644","KOLRES16DEL02",37,4.9,22.539129,88.365507,22.559129,88.385507,"Snack","scooter",16,3.03062813957319,11.3648555233995
"6999","MUMRES02DEL03",23,4.9,19.221315,72.862381,19.281315,72.922381,"Drinks","electric_scooter",11,9.18547219296518,50.1025755979919
"63B6","BANGRES05DEL03",27,4.9,12.970324,77.645748,13.030324,77.705748,"Drinks","scooter",25,9.32550421881559,22.3812101251574
"A30B","CHENRES11DEL01",37,4.8,13.064181,80.236442,13.104181,80.276442,"Drinks","motorcycle",26,6.21597664754121,14.3445614943259
"3556","SURRES09DEL01",33,5,21.175975,72.795503,21.185975,72.805503,"Snack","scooter",18,1.52204786701524,5.0734928900508
"5554","RANCHIRES15DEL01",31,4.9,23.369746,85.33982,23.409746,85.37982,"Snack","motorcycle",16,6.04398848734668,22.66495682755
"25FD","BANGRES19DEL01",31,4.8,12.914264,77.6784,13.024264,77.7884,"Drinks","scooter",23,17.0977975711264,44.602950185547
"7AC8","COIMBRES14DEL02",28,4.8,11.003681,76.975525,11.083681,77.055525,"Drinks","motorcycle",36,12.4782922419463,20.7971537365772
"3DA1","SURRES08DEL03",31,4.7,21.173343,72.792731,21.233343,72.852731,"Snack","motorcycle",16,9.13164409801223,34.2436653675459
"272D","COIMBRES07DEL03",24,4.7,10.96185,76.971082,11.05185,77.061082,"Buffet","motorcycle",19,14.0389413606511,44.3334990336351
"DDC5","AGRRES12DEL03",39,4.6,27.165108,78.015053,27.255108,78.105053,"Snack","motorcycle",27,13.407615113552,29.7947002523379
"8AA2","JAPRES18DEL02",25,4.8,26.913987,75.752891,26.993987,75.832891,"Drinks","scooter",18,11.9299321793204,39.7664405977347
"B55A","MYSRES04DEL03",33,4.9,12.3085,76.665808,12.3385,76.695808,"Drinks","scooter",22,4.66879096720276,12.7330662741894
"73CC","SURRES12DEL01",30,4.4,21.183434,72.814492,21.253434,72.884492,"Drinks","scooter",34,10.6530782979632,18.7995499375822
"BE80","MUMRES04DEL01",33,5,19.254567,72.848923,19.364567,72.958923,"Buffet","motorcycle",24,16.8372094038784,42.093023509696
"1609","PUNERES02DEL01",36,4.9,18.55144,73.804855,18.59144,73.844855,"Drinks","scooter",17,6.13541665900653,21.6544117376701
"D255","ALHRES07DEL02",21,4.8,25.449659,81.839744,25.469659,81.859744,"Meal","electric_scooter",14,2.99960653274371,12.8554565689016
"DE72","DEHRES19DEL02",39,4.9,30.372202,78.077151,30.422202,78.127151,"Meal","motorcycle",30,7.35040066527406,14.7008013305481
"A258","CHENRES12DEL03",39,4.6,12.972793,80.249982,13.062793,80.339982,"Snack","scooter",36,13.9877760017941,23.3129600029901
"8B53","SURRES11DEL01",22,4.7,21.157735,72.768778,21.197735,72.808778,"Buffet","scooter",18,6.08825342343536,20.2941780781179
"BBDE","SURRES01DEL01",32,4.6,21.186438,72.794115,21.226438,72.834115,"Meal","scooter",17,6.08770351893814,21.4860124197817
"A9F","BANGRES13DEL01",29,4.6,12.935662,77.61413,12.975662,77.65413,"Drinks","scooter",19,6.21754691341398,19.6343586739389
"4B7F","HYDRES13DEL03",26,4.7,17.431477,78.40035,17.491477,78.46035,"Buffet","motorcycle",10,9.23070202677311,55.3842121606387
"B962","CHENRES11DEL03",35,4.1,13.064181,80.236442,13.154181,80.326442,"Buffet","motorcycle",37,13.9852556320598,22.6787929168537
"633C","BANGRES010DEL03",39,4.6,12.933298,77.614293,13.023298,77.704293,"Drinks","scooter",44,13.9888600107362,19.0757181964584
"2DC6","VADRES20DEL01",34,4.7,22.311358,73.164798,22.351358,73.204798,"Drinks","electric_scooter",28,6.06564117547062,12.9978025188656
"903A","BANGRES11DEL01",27,4.7,12.934365,77.616155,13.044365,77.726155,"Snack","scooter",42,17.0971241914414,24.4244631306305
"1FB7","CHENRES02DEL01",25,4.4,13.086438,80.220672,13.196438,80.330672,"Snack","scooter",39,17.0919974890076,26.2953807523194
"34D7","MUMRES04DEL01",25,4.7,19.254567,72.848923,19.364567,72.958923,"Meal","motorcycle",20,16.8372094038784,50.5116282116351
"156B","JAPRES03DEL02",30,5,26.913483,75.803139,26.933483,75.823139,"Buffet","motorcycle",31,2.98284058591546,5.77323984370735
"56AD","HYDRES04DEL03",24,4.6,17.411028,78.329645,17.471028,78.389645,"Buffet","motorcycle",13,9.23119548696122,42.6055176321287
"837C","PUNERES14DEL02",39,4.8,18.516216,73.842527,18.566216,73.892527,"Meal","motorcycle",28,7.66991360483846,16.4355291532253
"CBC4","GOARES04DEL01",25,4.8,15.5696,73.742294,15.6096,73.782294,"Snack","scooter",19,6.18243410601919,19.5234761242711
"C19E","AURGRES08DEL02",37,4.6,19.876428,75.364792,19.956428,75.444792,"Buffet","motorcycle",42,12.2235344366364,17.4621920523378
"95FB","HYDRES05DEL01",25,4.2,17.433809,78.386744,17.543809,78.496744,"Meal","motorcycle",39,16.9217418026047,26.0334489270842
"6D19","INDORES12DEL02",38,4.9,22.74806,75.8934,22.76806,75.9134,"Drinks","scooter",15,3.02850747463709,12.1140298985484
"3.5E+07","JAPRES15DEL03",36,4.8,26.891191,75.802083,26.981191,75.892083,"Buffet","electric_scooter",15,13.4221117513214,53.6884470052857
"B437","SURRES16DEL01",25,5,21.160437,72.774209,21.270437,72.884209,"Meal","motorcycle",15,16.7407085464747,66.9628341858987
"9.7E+04","MYSRES16DEL02",29,5,12.316967,76.603067,12.366967,76.653067,"Drinks","motorcycle",18,7.78105042482583,25.9368347494194
"A3E0","MUMRES05DEL03",36,4.7,18.927584,72.832585,19.017584,72.922585,"Drinks","electric_scooter",29,13.7891674429306,28.5293119508909
"4161","COIMBRES19DEL02",33,4.7,11.022298,76.998349,11.072298,77.048349,"Snack","motorcycle",20,7.79888571475764,23.3966571442729
"1236","MYSRES07DEL01",36,4.4,12.325461,76.632278,12.365461,76.672278,"Meal","scooter",39,6.22479981752457,9.57661510388396
"2558","PUNERES17DEL01",21,4.8,18.530963,73.828972,18.640963,73.938972,"Snack","motorcycle",19,16.8717139714851,53.2790967520581
"3185","HYDRES19DEL03",25,4.8,17.458998,78.500366,17.488998,78.530366,"Snack","scooter",19,4.61519991305858,14.5743155149218
"3C57","MUMRES14DEL02",23,4.8,19.1813,72.836191,19.3113,72.966191,"Meal","motorcycle",17,19.9021407506784,70.2428497082768
"4863","COIMBRES02DEL01",25,4.6,11.022477,76.995667,11.032477,77.005667,"Snack","motorcycle",15,1.55982881394813,6.23931525579251
"6757","INDORES05DEL02",24,4.3,22.727021,75.884167,22.747021,75.904167,"Meal","motorcycle",19,3.0287217815972,9.56438457346484
"22AD","BANGRES03DEL03",27,4.6,12.979166,77.640709,13.069166,77.730709,"Buffet","motorcycle",29,13.9876007887307,28.9398637008221
"9F99","MUMRES11DEL01",23,4.8,18.994237,72.825553,19.104237,72.935553,"Snack","scooter",22,16.8497600760136,45.9538911164007
"6781","MYSRES12DEL02",21,4.3,12.284747,76.625861,12.414747,76.755861,"Drinks","scooter",42,20.2304353613679,28.9006219448114
"1B8D","SURRES09DEL02",27,4.7,21.175975,72.795503,21.195975,72.815503,"Snack","scooter",12,3.04404784650364,15.2202392325182
"1AEA","COIMBRES12DEL02",32,4.2,11.000762,76.981876,11.130762,77.111876,"Snack","motorcycle",38,20.2764743040808,32.0154857432855
"1E+42","SURRES08DEL01",25,4.6,21.173343,72.792731,21.283343,72.902731,"Drinks","motorcycle",23,16.7400277457352,43.6696375975701
"DDC8","KNPRES05DEL02",39,4.7,26.479108,80.315042,26.499108,80.335042,"Meal","scooter",15,2.98789417999022,11.9515767199609
"24AC","SURRES05DEL02",27,4.6,21.175104,72.804342,21.255104,72.884342,"Snack","motorcycle",24,12.1750741811688,30.437685452922
"3F01","MUMRES15DEL01",39,3.8,19.176269,72.836721,19.286269,72.946721,"Drinks","motorcycle",37,16.8410003314305,27.3097302671847
"628C","BANGRES15DEL02",31,4.8,12.975377,77.696664,13.025377,77.746664,"Snack","scooter",24,7.77125277135364,19.4281319283841
"6C38","RANCHIRES11DEL03",31,4.8,23.359194,85.325447,23.419194,85.385447,"Buffet","electric_scooter",13,9.06599982344622,41.8430761082133
"4BEB","MYSRES08DEL01",20,4.8,12.297954,76.665169,12.307954,76.675169,"Drinks","motorcycle",16,1.55632315568724,5.83621183382716
"8339","RANCHIRES07DEL02",36,4.9,23.359407,85.325055,23.439407,85.405055,"Drinks","motorcycle",42,12.0875732360582,17.2679617657975
"3EC5","RANCHIRES01DEL03",20,4.9,23.416792,85.316842,23.506792,85.406842,"Meal","motorcycle",17,13.5955870497788,47.9844248815721
"ADB4","JAPRES17DEL03",24,4.6,26.892312,75.806896,26.922313,75.836896,"Drinks","motorcycle",25,4.47462788924357,10.7391069341846
"6E+02","VADRES06DEL01",29,4.6,22.31279,73.170283,22.42279,73.280283,"Snack","electric_scooter",25,16.6785012082113,40.0284028997071
"2BC0","INDORES14DEL01",39,4.2,22.761593,75.886362,22.871593,75.996362,"Snack","scooter",39,16.6535050370682,25.6207769801049
"9.9E+08","COIMBRES17DEL01",37,4.8,11.026117,76.944652,11.066117,76.984652,"Meal","scooter",18,6.23912093063551,20.797069768785
"39EF","CHENRES11DEL01",32,4.9,13.064181,80.236442,13.104181,80.276442,"Drinks","motorcycle",28,6.21597664754121,13.3199499590169
"E264","KNPRES17DEL02",22,4.5,26.483042,80.317833,26.533042,80.367833,"Drinks","scooter",18,7.46918799065009,24.897293302167
"BD03","COIMBRES12DEL02",23,4.9,11.000762,76.981876,11.130762,77.111876,"Meal","scooter",18,20.2764743040808,67.5882476802694
"9A29","RANCHIRES04DEL01",33,4.7,23.359033,85.325347,23.469033,85.435347,"Snack","scooter",49,16.6195726498294,20.3504971222401
"D0E5","KOLRES17DEL03",23,4.6,22.569358,88.433452,22.599358,88.463452,"Drinks","motorcycle",15,4.54540758755767,18.1816303502307
"A480","BANGRES19DEL02",27,4.6,12.914264,77.6784,12.994264,77.7584,"Drinks","motorcycle",21,12.4351273797106,35.5289353706016
"B46C","MUMRES17DEL01",34,4.7,19.121999,72.908493,19.161999,72.948493,"Snack","scooter",23,6.12556622535082,15.9797379791761
"7150","SURRES14DEL01",26,5,21.157729,72.768726,21.167729,72.778726,"Meal","scooter",11,1.52213518498133,8.30255555444364
"1E+58","VADRES14DEL03",31,4.6,22.311603,73.165012,22.371603,73.225012,"Snack","motorcycle",25,9.098153385295,21.835568124708
"4460","PUNERES09DEL02",32,4.9,18.536562,73.896485,18.556562,73.916485,"Snack","motorcycle",18,3.06792004320851,10.2264001440284
"977D","INDORES19DEL02",27,4.7,22.745536,75.893106,22.765536,75.913106,"Buffet","motorcycle",14,3.02853319351116,12.9794279721907
"1602","BANGRES010DEL03",21,4.9,12.933298,77.614293,13.023298,77.704293,"Drinks","motorcycle",36,13.9888600107362,23.3147666845603
"894E","BANGRES12DEL02",28,4.8,12.939496,77.625999,12.989496,77.675999,"Drinks","motorcycle",18,7.77179926323516,25.9059975441172
"20F6","BANGRES11DEL03",20,4.6,12.934365,77.616155,13.024365,77.706155,"Buffet","motorcycle",44,13.9888307664513,19.0756783178881
"3DB1","COIMBRES13DEL03",31,4.3,11.003669,76.976494,11.063669,77.036494,"Snack","motorcycle",20,9.35887590626635,28.0766277187991
"1EC7","PUNERES05DEL03",29,4.6,18.543626,73.905101,18.573626,73.935101,"Snack","scooter",19,4.60172611795894,14.5317666882914
"8ED2","VADRES20DEL01",36,5,22.311358,73.164798,22.381358,73.234798,"Snack","motorcycle",35,10.6143452147467,18.1960203681373
"64CC","CHENRES19DEL01",31,4.2,12.986047,80.218114,13.096047,80.328114,"Meal","motorcycle",50,17.0953882780122,20.5144659336147
"2ED0","HYDRES02DEL03",39,4.1,17.41233,78.449654,17.47233,78.509654,"Meal","scooter",34,9.23116408389282,16.2902895598109
"4008","SURRES010DEL02",29,4.6,21.17106,72.789292,21.25106,72.869292,"Meal","electric_scooter",17,12.1752292692826,42.9713974209973
"7553","SURRES03DEL01",29,4.6,21.186884,72.793616,21.226884,72.833616,"Snack","scooter",23,6.08769496912309,15.8809433977124
"35D8","COIMBRES17DEL03",37,4.9,11.026117,76.944652,11.056117,76.974652,"Buffet","motorcycle",27,4.67937982573513,10.3986218349669
"4C88","MUMRES08DEL01",31,3.9,19.065838,72.832658,19.135838,72.902658,"Buffet","scooter",35,10.7209999430411,18.3788570452133
"81A5","BANGRES04DEL03",26,4.4,12.98041,77.640489,13.04041,77.700489,"Buffet","motorcycle",23,9.32531956763464,24.3269206112208
"AE56","COIMBRES02DEL01",24,4.6,11.022477,76.995667,11.132477,77.105667,"Snack","motorcycle",30,17.1566805394079,34.3133610788158
"9B79","MYSRES13DEL01",39,4.8,12.310972,76.659264,12.350972,76.699264,"Snack","motorcycle",28,6.22496795578323,13.3392170481069
"596A","COIMBRES03DEL02",20,4.7,11.025083,77.015393,11.105083,77.095393,"Drinks","motorcycle",24,12.4778454685464,31.1946136713661
"78AA","MYSRES16DEL02",20,5,12.316967,76.603067,12.446967,76.733067,"Meal","motorcycle",36,20.2292175758416,33.7153626264027
"D7EC","KOLRES04DEL03",29,4.3,22.538731,88.364878,22.598731,88.424878,"Buffet","motorcycle",28,9.09128939243268,19.4813344123557
"55B1","COIMBRES11DEL01",36,4.8,11.001753,76.986241,11.111753,77.096241,"Drinks","motorcycle",31,17.1572760555671,33.2076310752912
"8.7E+05","VADRES13DEL03",36,4,22.310237,73.158921,22.400237,73.248921,"Meal","motorcycle",44,13.6466139696817,18.609019049566
"82C3","RANCHIRES04DEL02",22,4.8,23.359033,85.325347,23.439033,85.405347,"Drinks","scooter",15,12.0875888459507,48.3503553838029
"5397","PUNERES18DEL01",38,4.4,18.593481,73.785901,18.663481,73.855901,"Buffet","motorcycle",33,10.7352767190828,19.518684943787
"876B","SURRES01DEL02",39,4.9,21.186438,72.794115,21.236438,72.844115,"Buffet","motorcycle",30,7.60950951097667,15.2190190219533
"3A5A","INDORES08DEL02",24,4.9,22.725748,75.898497,22.775748,75.948497,"Snack","scooter",22,7.57145478248421,20.6494221340479
"5631","HYDRES18DEL03",35,4.8,17.450851,78.379347,17.540851,78.469347,"Meal","motorcycle",48,13.844806489964,17.306008112455
"1DAC","CHENRES07DEL03",33,4.5,13.081878,80.248519,13.171878,80.338519,"Drinks","electric_scooter",19,13.9847656237965,44.1624177593574
"DE01","KOCRES010DEL01",39,4.7,10.035573,76.336958,10.105573,76.406958,"Snack","motorcycle",21,10.9355040553032,31.2442973008662
"8771","VADRES11DEL02",31,4.3,22.308096,73.167753,22.388096,73.247753,"Drinks","motorcycle",44,12.130610327889,16.5417413562122
"1FF1","MYSRES04DEL03",37,4.7,12.3085,76.665808,12.3385,76.695808,"Buffet","scooter",26,4.66879096720276,10.7741330012371
"6CC6","JAPRES08DEL02",33,4.5,26.910262,75.783013,26.990262,75.863013,"Snack","scooter",18,11.9301067954987,39.7670226516624
"C141","ALHRES12DEL01",39,4.7,25.443994,81.860187,25.513994,81.930187,"Meal","motorcycle",38,10.4978645893276,16.5755756673594
"690F","RANCHIRES11DEL03",37,4.6,23.359194,85.325447,23.449194,85.415447,"Snack","motorcycle",32,13.5982948658036,25.4968028733817
"B4BA","HYDRES19DEL02",25,4.9,17.458998,78.500366,17.508998,78.550366,"Meal","scooter",17,7.69179836433075,27.1475236388144
"63A9","PUNERES17DEL03",28,4.8,18.530963,73.828972,18.590963,73.888972,"Buffet","scooter",11,9.20339236352097,50.2003219828416
"88DD","MYSRES010DEL01",38,4.7,12.321214,76.621094,12.361214,76.661094,"Buffet","motorcycle",31,6.22484912167404,12.0480950742078
"1B58","JAPRES03DEL01",29,4.6,26.913483,75.803139,26.983483,75.873139,"Drinks","motorcycle",43,10.4389165841075,14.5659301173593
"87A8","MYSRES04DEL03",31,4.6,12.3085,76.665808,12.3685,76.725808,"Meal","motorcycle",25,9.33732079300485,22.4095699032116
"3F8D","MUMRES06DEL03",25,4.8,19.055831,72.833984,19.115831,72.893984,"Snack","motorcycle",22,9.18982166632182,25.0631499990595
"290C","MYSRES18DEL01",35,4.9,12.337928,76.617889,12.407928,76.687889,"Drinks","motorcycle",43,10.8928407062099,15.1993126133161
"7ECE","RANCHIRES18DEL01",39,4.7,23.351489,85.324253,23.421489,85.394253,"Buffet","motorcycle",42,10.5770984039877,15.1101405771252
"1365","INDORES06DEL02",38,3.9,22.728163,75.884212,22.808163,75.964212,"Meal","motorcycle",42,12.1136173019405,17.3051675742007
"33A4","CHENRES15DEL03",35,4.7,13.026286,80.275235,13.056286,80.305235,"Drinks","motorcycle",34,4.66237681886237,8.22772379799243
"8F3C","JAPRES07DEL02",29,4.7,26.766536,75.837333,26.786536,75.857333,"Snack","motorcycle",17,2.98455751173433,10.5337323943565
"2FE1","SURRES18DEL03",27,4.6,21.149834,72.778666,21.179834,72.808666,"Snack","scooter",25,4.56637530994345,10.9593007438643
"4B5B","MYSRES04DEL03",38,4.3,12.3085,76.665808,12.3985,76.755808,"Meal","motorcycle",54,14.0055888340725,15.5617653711917
"7405","SURRES19DEL01",36,4.9,21.149669,72.772629,21.219669,72.842629,"Buffet","motorcycle",21,10.6542107895985,30.4406022559957
"6245","HYDRES04DEL01",26,4,17.411028,78.329645,17.451028,78.369645,"Buffet","motorcycle",34,6.15429117390581,10.8605138363044
"D02B","KNPRES16DEL03",26,4.1,26.482581,80.315628,26.572581,80.405628,"Meal","motorcycle",36,13.4435203715818,22.4058672859696
"1F0E","MYSRES12DEL03",36,4.9,12.284747,76.625861,12.344747,76.685861,"Drinks","motorcycle",17,9.33773388409073,32.9567078262026
"7085","JAPRES09DEL01",21,4.7,26.911378,75.789034,26.921378,75.799034,"Meal","motorcycle",16,1.49146189099944,5.59298209124789
"57FA","CHENRES04DEL02",35,4.7,13.02978,80.208812,13.10978,80.288812,"Meal","electric_scooter",27,12.4323062290473,27.6273471756606
"57FC","MYSRES09DEL01",20,4.5,12.323194,76.630583,12.363194,76.670583,"Meal","motorcycle",26,6.22482613754149,14.3649833943265
"7A1F","PUNERES19DEL03",23,4.6,18.563934,73.915367,18.653934,74.005367,"Snack","motorcycle",46,13.8032488871903,18.0042376789438
"CEAC","KOLRES18DEL03",37,5,22.569367,88.433187,22.629367,88.493187,"Buffet","motorcycle",29,9.0903589776203,18.807639264042
"A0A5","BANGRES14DEL03",26,4.8,12.949934,77.699386,13.009934,77.759386,"Snack","motorcycle",23,9.32587709413416,24.3283750281761
"892D","SURRES09DEL02",29,5,21.175975,72.795503,21.255975,72.875503,"Snack","scooter",11,12.1750407747728,66.4093133169424
"6118","INDORES09DEL01",26,4.9,22.725835,75.887648,22.835835,75.997648,"Snack","motorcycle",28,16.6555122036941,35.6903832936302
"46FD","PUNERES09DEL03",29,4.8,18.536562,73.896485,18.596562,73.956485,"Meal","motorcycle",25,9.20324940793723,22.0877985790493
"5134","RANCHIRES01DEL02",29,4.7,23.416792,85.316842,23.436792,85.336842,"Snack","motorcycle",11,3.02160759980472,16.4814959989349
"D418","LUDHRES010DEL03",21,4.9,30.89286,75.822199,30.92286,75.852199,"Meal","scooter",26,4.40034413857347,10.1546403197849
"256C","MYSRES13DEL02",22,4.3,12.310972,76.659264,12.330972,76.679264,"Meal","motorcycle",23,3.11254197283287,8.11967471173792
"6055","JAPRES18DEL02",31,4,26.913987,75.752891,26.993987,75.832891,"Snack","motorcycle",39,11.9299321793204,18.3537418143391
"7BFB","COIMBRES11DEL02",20,4.5,11.001753,76.986241,11.021753,77.006241,"Snack","motorcycle",11,3.11973943203372,17.0167605383658
"7220","VADRES13DEL02",30,3.9,22.310237,73.158921,22.390237,73.238921,"Drinks","electric_scooter",32,12.1305244083698,22.7447332656933
"1568","BANGRES01DEL01",36,4.8,12.933284,77.615428,13.003284,77.685428,"Snack","motorcycle",43,10.8804380974065,15.182006647544
"41EA","MYSRES08DEL01",24,4.7,12.297954,76.665169,12.337954,76.705169,"Buffet","scooter",13,6.22511886201467,28.7313178246831
"7944","CHENRES02DEL03",25,5,13.086438,80.220672,13.146439,80.280672,"Drinks","motorcycle",27,9.32344990137089,20.718777558602
"77EE","HYDRES12DEL01",27,4.5,17.429585,78.392621,17.469585,78.432621,"Drinks","scooter",29,6.15399281011192,12.7323989174729
"2192","BANGRES07DEL01",32,4.1,12.978453,77.643685,13.048453,77.713685,"Buffet","motorcycle",33,10.8794743630657,19.7808624783013
"48C7","CHENRES09DEL01",23,4.7,13.044694,80.26147,13.084694,80.30147,"Drinks","motorcycle",19,6.21621569553711,19.6301548280119
"78BF","BANGRES04DEL02",39,4.4,12.98041,77.640489,13.11041,77.770489,"Meal","motorcycle",33,20.2034664186866,36.7335753067029
"4321","JAPRES13DEL02",20,4.8,26.846156,75.8023,26.926156,75.8823,"Drinks","electric_scooter",15,11.9331088850509,47.7324355402037
"E00D","ALHRES07DEL03",29,4.6,25.449659,81.839744,25.479659,81.869744,"Meal","scooter",29,4.49932581214057,9.3089499561529
"1E+86","JAPRES06DEL03",26,4.9,26.911927,75.797282,27.051927,75.937282,"Meal","scooter",18,20.875085134965,69.5836171165499
"CFF0","KOCRES03DEL01",25,5,10.020683,76.310631,10.030683,76.320631,"Meal","motorcycle",14,1.56232168420296,6.69566436086984
"1E2D","BANGRES13DEL01",34,4.7,12.935662,77.61413,12.975662,77.65413,"Snack","motorcycle",30,6.21754691341398,12.435093826828
"D072","GOARES02DEL01",31,4.9,15.585658,73.743606,15.625658,73.783606,"Snack","motorcycle",28,6.18220132744725,13.2475742731012
"427B","HYDRES12DEL03",30,4.9,17.429585,78.392621,17.519585,78.482621,"Meal","motorcycle",30,13.8455776294987,27.6911552589975
"5.2E+03","JAPRES07DEL02",36,4.8,26.766536,75.837333,26.896536,75.967333,"Buffet","motorcycle",36,19.395448930862,32.3257482181033
"9395","JAPRES13DEL03",36,4.4,26.846156,75.8023,26.986156,75.9423,"Snack","motorcycle",37,20.8804801384552,33.8602380623598
"B5D2","JAPRES18DEL03",26,4.7,26.913987,75.752891,27.053987,75.892891,"Meal","motorcycle",43,20.874915990823,29.1277897546367
"6C4D","VADRES05DEL01",30,4.6,22.310526,73.170937,22.420526,73.280937,"Buffet","scooter",29,16.6786262189834,34.5075025220346
"98CA","BANGRES17DEL02",33,4.7,12.972532,77.608179,13.022532,77.658179,"Buffet","electric_scooter",15,7.77129615533134,31.0851846213254
"644B","MUMRES20DEL03",34,4,19.103249,72.846749,19.193249,72.936749,"Snack","motorcycle",39,13.7822770842735,21.2035032065746
"7A2D","HYDRES14DEL02",36,4.6,17.426228,78.407495,17.506228,78.487495,"Buffet","motorcycle",20,12.3074494484212,36.9223483452637
"E13F","KNPRES02DEL02",33,4.6,26.471617,80.313564,26.491617,80.333564,"Buffet","motorcycle",15,2.98798075636632,11.9519230254653
"C278","AURGRES19DEL01",22,4.8,19.866969,75.318894,19.976969,75.428894,"Drinks","motorcycle",16,16.807082631441,63.0265598679037
"AB33","BANGRES08DEL02",27,4.9,12.906229,77.596791,12.986229,77.676791,"Drinks","scooter",20,12.4353227211153,37.3059681633458
"DD96","KNPRES16DEL01",32,4.8,26.482581,80.315628,26.552581,80.385628,"Meal","scooter",25,10.4564767308086,25.0955441539406
"7646","BANGRES010DEL02",26,4.8,12.933298,77.614293,13.013298,77.694293,"Snack","motorcycle",43,12.4346641757428,17.3506941987109
"5EF5","INDORES03DEL02",29,4.5,22.751857,75.866699,22.881857,75.996699,"Drinks","motorcycle",15,19.6813965927184,78.7255863708737
"7EF7","COIMBRES16DEL02",31,4.5,11.010375,76.95295,11.090375,77.03295,"Buffet","motorcycle",29,12.4781525926388,25.8168674330458
"1136","HYDRES20DEL01",28,4.6,17.483216,78.552111,17.523216,78.592111,"Drinks","motorcycle",14,6.15312887907934,26.3705523389115
"D032","AGRRES08DEL03",21,4.8,27.160934,78.044095,27.220934,78.104095,"Buffet","motorcycle",11,8.93908954050164,48.758670220918
"199D","COIMBRES15DEL02",21,4,11.006686,76.951736,11.056686,77.001736,"Buffet","motorcycle",19,7.7990891398346,24.6287025468461
"CF18","ALHRES05DEL01",29,4.7,25.457687,81.835585,25.497687,81.875585,"Buffet","motorcycle",11,5.99880925499675,32.7207777545277
"1DAD","MUMRES01DEL01",20,4.8,19.12663,72.829976,19.13663,72.839976,"Snack","motorcycle",14,1.5314369307483,6.56330113177843
"C918","AURGRES14DEL03",28,5,19.875016,75.322405,19.965016,75.412405,"Snack","motorcycle",15,13.7513296225299,55.0053184901194
"33C1","MUMRES13DEL01",25,4.7,19.178321,72.834715,19.248321,72.904715,"Meal","motorcycle",16,10.7175526364393,40.1908223866473
"1B50","PUNERES16DEL01",29,4.6,18.536718,73.830327,18.646718,73.940327,"Buffet","motorcycle",43,16.8714442536467,23.5415501213675
"27FE","CHENRES14DEL02",38,4.8,13.026279,80.174568,13.046279,80.194568,"Buffet","motorcycle",20,3.10828185474318,9.32484556422954
"1536","HYDRES06DEL03",39,4.9,17.455894,78.375467,17.485894,78.405467,"Drinks","motorcycle",26,4.6152374065515,10.6505478612727
"A152","SURRES18DEL03",26,4.9,21.149834,72.778666,21.209834,72.838666,"Snack","scooter",26,9.13231967759135,21.0745838713646
"9C9A","COIMBRES02DEL01",33,4.4,11.022477,76.995667,11.092477,77.065667,"Meal","motorcycle",43,10.9182539167633,15.2347729071116
"3052","VADRES13DEL03",24,4.6,22.310237,73.158921,22.370237,73.218921,"Snack","motorcycle",25,9.09819448595515,21.8356667662923
"1045","COIMBRES16DEL01",24,4.9,11.010375,76.95295,11.050375,76.99295,"Buffet","motorcycle",28,6.23928500787316,13.3698964454425
"2391","INDORES13DEL03",33,4.5,22.745049,75.892471,22.835049,75.982471,"Buffet","scooter",17,13.6268148388565,48.0946406077288
"7DDD","INDORES12DEL03",35,4.2,22.74806,75.8934,22.83806,75.9834,"Drinks","motorcycle",44,13.6266765924445,18.5818317169697
"279F","MUMRES13DEL03",27,4.2,19.178321,72.834715,19.268321,72.924715,"Buffet","motorcycle",33,13.7793149719032,25.0532999489149
"E76","CHENRES06DEL02",29,4.6,13.054347,80.257221,13.104347,80.307221,"Snack","scooter",19,7.77004492033276,24.5369839589456
"AEFA","BANGRES06DEL03",29,4.5,12.979096,77.640625,13.009096,77.670625,"Snack","motorcycle",15,4.66280917950938,18.6512367180375
"DAD6","AGRRES11DEL02",34,4.7,27.163303,78.057044,27.293303,78.187044,"Buffet","scooter",27,19.3651564166691,43.0336809259313
"C237","KNPRES15DEL02",20,4.7,26.482419,80.320939,26.502419,80.340939,"Meal","scooter",25,2.98785590724598,7.17085417739035
"4EFC","VADRES13DEL01",29,4.8,22.310237,73.158921,22.350237,73.198921,"Drinks","motorcycle",18,6.06566365269219,20.2188788423073
"6E+33","VADRES01DEL03",22,4.9,22.307898,73.167788,22.367898,73.227788,"Snack","scooter",21,9.09826485753324,25.995042450095
"D92F","AGRRES03DEL01",35,4.9,27.160832,78.011608,27.230832,78.081608,"Buffet","motorcycle",53,10.4287353239556,11.8061154610818
"D902","KOCRES14DEL01",32,4.4,10.027014,76.308053,10.137014,76.418053,"Drinks","motorcycle",42,17.1840625040914,24.5486607201306
"D91A","LUDHRES18DEL01",28,4.9,30.890184,75.829615,31.000184,75.939615,"Snack","motorcycle",20,16.1319236922219,48.3957710766657
"4F0C","COIMBRES14DEL02",30,4.7,11.003681,76.975525,11.133681,77.105525,"Meal","scooter",29,20.2763751732021,41.9511210480044
"8456","CHENRES19DEL01",22,4.7,12.986047,80.218114,13.096047,80.328114,"Snack","scooter",15,17.0953882780122,68.3815531120489
"3329","COIMBRES15DEL02",36,4.7,11.006686,76.951736,11.056686,77.001736,"Buffet","motorcycle",30,7.7990891398346,15.5981782796692
"1AA8","SURRES20DEL02",23,4.8,21.15276,72.778059,21.28276,72.908059,"Snack","motorcycle",28,19.7843280612637,42.394988702708
"144D","INDORES18DEL02",22,4.8,22.753839,75.897429,22.773839,75.917429,"Drinks","motorcycle",19,3.02844857899309,9.56352182839923
"D27B","AURGRES04DEL02",29,4.5,19.876106,75.340775,20.006106,75.470775,"Meal","motorcycle",15,19.861786359532,79.447145438128
"ADD6","CHENRES01DEL01",34,4.9,13.005801,80.250744,13.115801,80.360744,"Buffet","motorcycle",50,17.0947230335075,20.513667640209
"C63E","DEHRES010DEL01",32,4.3,30.328174,78.049117,30.398174,78.119117,"Meal","scooter",35,10.2920894532529,17.6435819198621
"7B03","BANGRES07DEL01",20,4.5,12.978453,77.643685,13.048453,77.713685,"Buffet","motorcycle",27,10.8794743630657,24.1766096957016
"4314","CHENRES05DEL02",25,4.9,13.058616,80.264151,13.138616,80.344151,"Buffet","motorcycle",43,12.4315982589333,17.3464161752558
"9E5A","JAPRES06DEL03",29,4.5,26.911927,75.797282,26.971927,75.857282,"Meal","scooter",12,8.94787336230762,44.7393668115381
"70B1","VADRES01DEL01",31,4.4,22.307898,73.167788,22.417898,73.277788,"Buffet","motorcycle",47,16.6787713149785,21.2920484872066
"5.9E+06","SURRES13DEL02",37,4.5,21.170096,72.789122,21.220096,72.839122,"Buffet","motorcycle",26,7.60990105100791,17.5613101177106
"DEAC","LUDHRES05DEL03",36,4.9,30.905562,75.832841,30.995562,75.922841,"Snack","electric_scooter",31,13.198532490672,25.5455467561394
"A053","JAPRES16DEL03",37,3.8,26.849596,75.800512,26.989596,75.940512,"Snack","motorcycle",42,20.8801982237675,29.8288546053822
"7031","COIMBRES14DEL01",38,4.9,11.003681,76.975525,11.043681,77.015525,"Snack","scooter",25,6.23935471006928,14.9744513041663
"D3BC","AGRRES010DEL02",37,4.4,27.163303,78.057044,27.243303,78.137044,"Drinks","motorcycle",39,11.9182017020075,18.3356949261654
"8DE9","SURRES14DEL03",21,4.9,21.157729,72.768726,21.247729,72.858726,"Buffet","scooter",21,13.697492050766,39.1356915736171
"7C84","JAPRES04DEL03",35,4.9,26.902328,75.794257,26.932328,75.824257,"Meal","electric_scooter",18,4.47436895064299,14.91456316881
"96D2","JAPRES01DEL03",22,4.8,26.90519,75.810753,26.99519,75.900753,"Snack","scooter",22,13.421373687747,36.6037464211283
"77B5","HYDRES010DEL02",28,4.8,17.428294,78.404423,17.448294,78.424423,"Buffet","motorcycle",23,3.07708722305001,8.02718406013046
"75DC","MYSRES16DEL02",39,4,12.316967,76.603067,12.446967,76.733067,"Drinks","motorcycle",48,20.2292175758416,25.286521969802
"BE78","BANGRES15DEL02",29,4.5,12.975377,77.696664,13.055377,77.776664,"Snack","scooter",13,12.4336378502381,57.3860208472527
"35A2","CHENRES15DEL02",39,4.6,13.026286,80.275235,13.046286,80.295235,"Drinks","motorcycle",32,3.10828181192824,5.82802839736545
"416F","MYSRES05DEL02",25,4.9,12.323978,76.627961,12.453978,76.757961,"Snack","electric_scooter",16,20.2289521848487,75.8585706931826
"A4F5","COIMBRES03DEL03",34,5,11.025083,77.015393,11.055083,77.045393,"Snack","electric_scooter",19,4.67938791036025,14.7770144537692
"A4EB","BANGRES01DEL02",22,4.8,12.933284,77.615428,12.953284,77.635428,"Drinks","motorcycle",18,3.1088487116197,10.3628290387323
"D4DA","KNPRES12DEL01",27,5,26.492106,80.327797,26.562106,80.397797,"Buffet","motorcycle",27,10.4560910062535,23.2357577916745
"B59B","MUMRES010DEL01",28,4.5,19.003517,72.82765,19.073517,72.89765,"Drinks","motorcycle",25,10.7229020595879,25.7349649430111
"4F73","COIMBRES20DEL03",32,5,10.994136,76.963303,11.024136,76.993303,"Drinks","scooter",31,4.6796295389235,9.05734749469064
"6A7","RANCHIRES08DEL01",29,4.6,23.353783,85.326967,23.463783,85.436967,"Drinks","scooter",39,16.6198740768713,25.5690370413404
"ADAE","HYDRES16DEL01",27,4.6,17.440827,78.393391,17.510827,78.463391,"Snack","motorcycle",20,10.7687478795363,32.306243638609
"B785","MUMRES01DEL02",35,3.9,19.12663,72.829976,19.20663,72.909976,"Snack","motorcycle",38,12.2502693310645,19.3425305227335
"8366","MYSRES08DEL03",22,4.6,12.297954,76.665169,12.327954,76.695169,"Buffet","motorcycle",19,4.66888261051933,14.7438398226926
"247C","MYSRES09DEL02",39,4.8,12.323194,76.630583,12.343194,76.650583,"Drinks","scooter",26,3.11247111892126,7.18262565904906
"43B9","HYDRES18DEL03",33,4.8,17.450851,78.379347,17.510851,78.439347,"Meal","motorcycle",28,9.23023401767664,19.7790728950214
"9E8A","PUNERES05DEL02",20,4.7,18.543626,73.905101,18.623626,73.985101,"Snack","scooter",16,12.2704176796766,46.0140662987871
"1B40","MYSRES02DEL03",34,4.2,12.304569,76.643622,12.364569,76.703622,"Snack","motorcycle",24,9.33738921025915,23.3434730256479
"B4FB","MYSRES03DEL01",22,4.7,12.299524,76.64262,12.369524,76.71262,"Meal","motorcycle",24,10.8936215545298,27.2340538863245
"B50","JAPRES16DEL02",37,4.3,26.849596,75.800512,26.869596,75.820512,"Meal","scooter",34,2.98358795654961,5.26515521744049
"3376","MUMRES010DEL01",20,4.8,19.003517,72.82765,19.013517,72.83765,"Snack","motorcycle",16,1.53197373554469,5.7449015082926
"BECB","SURRES15DEL02",33,4.9,21.160522,72.771477,21.210522,72.821477,"Drinks","motorcycle",26,7.61013031270354,17.561839183162
"4357","INDORES06DEL02",21,5,22.728163,75.884212,22.858163,76.014212,"Drinks","motorcycle",25,19.6829687721301,47.2391250531122
"1486","VADRES06DEL01",33,4.6,22.31279,73.170283,22.38279,73.240283,"Meal","motorcycle",49,10.6142949352276,12.9970958390542
"5B70","BANGRES04DEL02",24,4.6,12.98041,77.640489,13.06041,77.720489,"Snack","electric_scooter",24,12.4335148804217,31.0837872010544
"3E+21","MUMRES19DEL03",30,4.6,19.131141,72.813074,19.16114,72.843074,"Buffet","motorcycle",26,4.59403941333138,10.6016294153801
"26D4","HYDRES05DEL03",32,4.9,17.433809,78.386744,17.523809,78.476744,"Buffet","scooter",24,13.845424528987,34.6135613224675
"B20F","HYDRES010DEL02",28,4.6,17.428294,78.404423,17.558294,78.534423,"Drinks","electric_scooter",16,19.9981863377185,74.9931987664444
"7ADA","JAPRES07DEL02",21,4.7,26.766536,75.837333,26.896536,75.967333,"Drinks","scooter",27,19.395448930862,43.1009976241378
"C4B3","AURGRES12DEL02",39,4.9,19.879631,75.323403,19.899631,75.343403,"Drinks","motorcycle",25,3.05612659790475,7.3347038349714
"2A01","CHENRES15DEL02",32,4.7,13.026286,80.275235,13.046286,80.295235,"Drinks","motorcycle",26,3.10828181192824,7.17295802752671
"6357","MUMRES07DEL03",20,4.5,19.091458,72.827808,19.151458,72.887808,"Buffet","scooter",25,9.18888812792697,22.0533315070247
"9C2A","JAPRES16DEL01",36,5,26.849596,75.800512,26.859596,75.810512,"Meal","scooter",15,1.49182319933393,5.96729279733573
"31BD","BANGRES09DEL02",28,4.8,12.934179,77.615797,12.954179,77.635797,"Buffet","scooter",18,3.10884327458192,10.3628109152731
"970A","PUNERES12DEL02",32,4.5,18.520016,73.830547,18.570016,73.880547,"Buffet","motorcycle",30,7.66983283404512,15.3396656680902
"2675","CHENRES19DEL01",39,4.4,12.986047,80.218114,13.096047,80.328114,"Drinks","scooter",46,17.0953882780122,22.2983325365377
"A200","SURRES07DEL01",30,4.7,21.170798,72.790489,21.280798,72.900489,"Drinks","motorcycle",24,16.7401620250429,41.8504050626073
"9BF9","PUNERES19DEL01",32,4.4,18.563934,73.915367,18.603935,73.955367,"Drinks","motorcycle",37,6.13528463180945,9.94911021374505
"555D","INDORES15DEL03",23,4.6,22.760072,75.892574,22.850072,75.982574,"Snack","motorcycle",27,13.6261249203995,30.2802776008878
"5BD9","MUMRES01DEL01",21,4.8,19.12663,72.829976,19.16663,72.869976,"Buffet","scooter",27,6.12548517237593,13.6121892719465
"B2E9","INDORES17DEL03",31,4.2,22.761226,75.887522,22.821226,75.947522,"Meal","electric_scooter",32,9.08450760055475,17.0334517510402
"8633","MUMRES13DEL02",37,4.6,19.178321,72.834715,19.198321,72.854715,"Buffet","electric_scooter",28,3.0623773774545,6.56223723740249
"4C34","SURRES18DEL02",20,4.5,21.149834,72.778666,21.199834,72.828666,"Drinks","motorcycle",29,7.61038614319832,15.7456265031689
"5EFD","MYSRES08DEL01",22,4.9,12.297954,76.665169,12.307954,76.675169,"Snack","motorcycle",11,1.55632315568724,8.48903539465769
"8D83","HYDRES19DEL03",20,4.7,17.458998,78.500366,17.518998,78.560366,"Buffet","motorcycle",13,9.23003707185558,42.6001711008719
"8A06","RANCHIRES010DEL02",34,4.8,23.354422,85.3329,23.484422,85.4629,"Buffet","scooter",27,19.6409464563084,43.6465476806854
"5A2D","CHENRES09DEL01",38,4.8,13.044694,80.26147,13.084694,80.30147,"Snack","scooter",25,6.21621569553711,14.9189176692891
"4C1","BANGRES13DEL02",29,4.6,12.935662,77.61413,13.065662,77.74413,"Drinks","scooter",26,20.2052437273995,46.627485524768
"83EA","RANCHIRES01DEL01",32,4.5,23.416792,85.316842,23.456792,85.356842,"Buffet","motorcycle",27,6.0430061926699,13.4289026503776
"2185","PUNERES12DEL01",34,4.9,18.520016,73.830547,18.630016,73.940547,"Snack","scooter",26,16.8722268120978,38.935908027918
"1.2E+08","INDORES07DEL03",33,3.9,22.722634,75.886959,22.812634,75.976959,"Meal","electric_scooter",32,13.6278435047123,25.5522065713356
"5956","INDORES19DEL02",34,4.5,22.745536,75.893106,22.765536,75.913106,"Meal","motorcycle",25,3.02853319351116,7.26847966442678
"CEE","BANGRES20DEL01",29,4.6,12.972161,77.596014,13.042161,77.666014,"Drinks","scooter",42,10.8796088023924,15.542298289132
"5A07","MYSRES02DEL02",34,4.7,12.304569,76.643622,12.354569,76.693622,"Drinks","motorcycle",29,7.78123023200544,16.0990970317354
"340F","SURRES05DEL01",26,4.6,21.175104,72.804342,21.245104,72.874342,"Buffet","scooter",32,10.6533578364943,19.9750459434269
"8094","BANGRES13DEL02",31,4,12.935662,77.61413,13.015662,77.69413,"Drinks","motorcycle",35,12.4346066009692,21.3164684588044
"3241","SURRES010DEL01",39,4.8,21.17106,72.789292,21.21106,72.829292,"Drinks","motorcycle",27,6.08799821857307,13.5288849301624
"A176","HYDRES18DEL02",32,5,17.450851,78.379347,17.500851,78.429347,"Buffet","scooter",27,7.69196244273043,17.0932498727343
"C8C7","KOLRES03DEL02",32,4.5,22.526461,88.364453,22.576461,88.414453,"Meal","motorcycle",30,7.5765112510368,15.1530225020736
"AA97","RANCHIRES16DEL01",39,4.1,23.371292,85.327872,23.441292,85.397872,"Snack","motorcycle",32,10.5763752633861,19.830703618849
"7DF5","BANGRES16DEL03",37,4.1,13.029198,77.570997,13.059198,77.600997,"Buffet","motorcycle",38,4.66235008968864,7.36160540477154
"869E","RANCHIRES01DEL03",37,4.8,23.416792,85.316842,23.476792,85.376842,"Meal","scooter",26,9.06419559275392,20.9173744448167
"7725","PUNERES12DEL01",38,3.7,18.520016,73.830547,18.630016,73.940547,"Meal","motorcycle",31,16.8722268120978,32.6559228621248
"B6D2","RANCHIRES01DEL02",28,4.7,23.416792,85.316842,23.436792,85.336842,"Drinks","scooter",28,3.02160759980472,6.47487342815298
"6EDB","PUNERES06DEL01",34,3.8,18.546258,73.904337,18.656258,74.014337,"Meal","scooter",31,16.8709969785056,32.6535425390432
"AAB4","CHENRES15DEL01",32,4.9,13.026286,80.275235,13.136286,80.385235,"Buffet","motorcycle",29,17.0940321553986,35.3669630801351
"AABD","JAPRES010DEL03",22,4.7,26.921411,75.793604,26.981411,75.853604,"Buffet","motorcycle",17,8.94753998095873,31.579552873972
"C873","KOLRES15DEL03",31,4,22.552672,88.352885,22.642672,88.442885,"Drinks","motorcycle",45,13.6356151270966,18.1808201694622
"1494","MYSRES15DEL02",27,4,12.352058,76.60665,12.432058,76.68665,"Meal","motorcycle",34,12.4485151494397,21.967967910776
"1875","COIMBRES19DEL01",29,4.9,11.022298,76.998349,11.132298,77.108349,"Drinks","scooter",24,17.1566856876996,42.8917142192491
"2AF5","COIMBRES09DEL03",38,4.8,11.008638,76.984311,11.068638,77.044311,"Meal","motorcycle",44,9.35879823345425,12.761997591074
"97B6","SURRES19DEL02",35,4.8,21.149669,72.772629,21.199669,72.822629,"Snack","motorcycle",36,7.61039009179127,12.6839834863188
"A56E","BANGRES20DEL03",31,4.9,12.972161,77.596014,13.002161,77.626014,"Meal","motorcycle",28,4.66287259257513,9.99186984123242
"AA3F","CHENRES16DEL03",30,4.3,13.049645,80.242268,13.139645,80.332268,"Drinks","scooter",37,13.9856576437918,22.6794448277705
"996B","HYDRES11DEL03",33,4.8,17.430448,78.418213,17.520448,78.508213,"Drinks","motorcycle",23,13.8455463524939,36.1188165717233
"C595","DEHRES19DEL01",29,4.6,30.372202,78.077151,30.442202,78.147151,"Meal","motorcycle",22,10.2901111037392,28.0639393738341
"6BFB","MUMRES15DEL01",38,4.6,19.176269,72.836721,19.216269,72.876721,"Snack","scooter",26,6.1246152681544,14.1337275418948
"7E1F","RANCHIRES18DEL03",26,4.9,23.351489,85.324253,23.411489,85.384253,"Drinks","motorcycle",34,9.06624089369513,15.9992486359326
"1DB4","PUNERES17DEL03",34,4.2,18.530963,73.828972,18.590963,73.888972,"Meal","motorcycle",28,9.20339236352097,19.7215550646878
"2258","JAPRES07DEL03",26,4.7,26.766536,75.837333,26.826536,75.897333,"Snack","motorcycle",14,8.95297249489558,38.3698821209811
"1FD6","INDORES07DEL01",35,4.7,22.722634,75.886959,22.762634,75.926959,"Meal","motorcycle",17,6.05732917531253,21.3788088540442
"6DE1","BANGRES04DEL03",36,4.2,12.98041,77.640489,13.01041,77.670489,"Drinks","motorcycle",37,4.66279716075455,7.56129269311549
"8B39","VADRES01DEL01",24,2.6,22.307898,73.167788,22.417898,73.277788,"Drinks","motorcycle",42,16.6787713149785,23.826816164255
"997B","MUMRES07DEL01",33,4.3,19.091458,72.827808,19.201458,72.937808,"Meal","motorcycle",34,16.8450909480847,29.7266310848553
"CDB6","AURGRES03DEL01",26,4.6,19.874733,75.353942,19.984733,75.463942,"Buffet","motorcycle",25,16.8066952863357,40.3360686872057
"5A7A","CHENRES17DEL01",32,5,13.045479,80.23311,13.155479,80.34311,"Buffet","scooter",30,17.0933839127815,34.1867678255629
"6DE3","JAPRES20DEL03",37,4.9,26.956431,75.776649,27.046431,75.866649,"Meal","motorcycle",48,13.4186695404278,16.7733369255348
"E27A","KOCRES14DEL02",26,4.9,10.027014,76.308053,10.157014,76.438053,"Drinks","scooter",18,20.3081264615525,67.6937548718415
"AB52","COIMBRES09DEL02",31,4.8,11.008638,76.984311,11.138638,77.114311,"Drinks","scooter",28,20.2762067727012,43.4490145129312
"4632","CHENRES08DEL03",37,4.6,13.022394,80.242439,13.112394,80.332439,"Buffet","motorcycle",26,13.9864101570109,32.2763311315637
"4B8A","MUMRES08DEL01",26,4.7,19.065838,72.832658,19.175838,72.942658,"Drinks","scooter",16,16.8463234517181,63.1737129439427
"1623","INDORES010DEL03",37,4.8,22.75004,75.902847,22.78004,75.932847,"Meal","motorcycle",25,4.54265448418263,10.9023707620383
"7EA","SURRES04DEL03",21,4.4,21.173493,72.801953,21.203493,72.831953,"Drinks","motorcycle",15,4.56603557501269,18.2641423000507
"6E9D","CHENRES03DEL01",28,4,13.091809,80.219104,13.131809,80.259104,"Buffet","motorcycle",32,6.21563715015499,11.6543196565406
"9A32","VADRES11DEL01",31,4.9,22.308096,73.167753,22.348096,73.207753,"Drinks","motorcycle",38,6.06570657927712,9.57743144096387
"917D","SURRES12DEL02",24,4.8,21.183434,72.814492,21.203434,72.834492,"Snack","scooter",14,3.04397640217812,13.045613152192
"4AC4","PUNERES11DEL03",26,4.9,18.533811,73.899315,18.623811,73.989315,"Snack","motorcycle",30,13.8044042512951,27.6088085025903
"1B6A","RANCHIRES18DEL02",29,4.6,23.351489,85.324253,23.431489,85.404253,"Meal","scooter",28,12.0879036698284,25.9026507210609
"7BD7","COIMBRES14DEL02",20,4.7,11.003681,76.975525,11.053681,77.025525,"Snack","scooter",29,7.79912826314768,16.1361274409952
"1A54","BANGRES15DEL01",32,4,12.975377,77.696664,13.045377,77.766664,"Buffet","motorcycle",49,10.8795400948244,13.3218858303972
"819D","VADRES20DEL01",20,4.9,22.311358,73.164798,22.421358,73.274798,"Meal","motorcycle",42,16.6785802798965,23.826543256995
"96F0","CHENRES19DEL01",26,5,12.986047,80.218114,13.056047,80.288114,"Meal","electric_scooter",24,10.8793120215236,27.1982800538089
"66F1","SURRES09DEL01",38,4.8,21.175975,72.795503,21.285975,72.905503,"Buffet","motorcycle",46,16.7398888612837,21.8346376451526
"C6E9","GOARES17DEL01",34,4.6,15.496162,73.825364,15.536162,73.865364,"Meal","electric_scooter",27,6.18349581259375,13.7411018057639
"B8AA","JAPRES19DEL02",27,4.5,26.913726,75.75282,26.933726,75.77282,"Snack","motorcycle",13,2.98283774053699,13.766943417863
"C668","KOLRES18DEL01",29,5,22.569367,88.433187,22.639367,88.503187,"Drinks","motorcycle",25,10.6052413946355,25.4525793471252
"4C13","SURRES07DEL02",24,4.9,21.170798,72.790489,21.300798,72.920489,"Drinks","motorcycle",24,19.7832033131064,49.458008282766
"824A","INDORES12DEL01",21,4.9,22.74806,75.8934,22.75806,75.9034,"Buffet","motorcycle",12,1.5142792148976,7.57139607448798
"4CAB","RANCHIRES06DEL03",35,4.7,23.357804,85.325146,23.417804,85.385146,"Meal","motorcycle",29,9.06604331806194,18.7573310028868
"AFC4","COIMBRES16DEL02",35,4.7,11.010375,76.95295,11.090375,77.03295,"Snack","scooter",18,12.4781525926388,41.5938419754626
"18C0","MYSRES06DEL03",29,4.6,12.323994,76.626167,12.353994,76.656167,"Buffet","motorcycle",13,4.66865618975009,21.5476439526927
"1655","MUMRES16DEL01",29,4.8,19.120083,72.907385,19.190083,72.977385,"Drinks","motorcycle",23,10.7193397541977,27.9634950109504
"7573","PUNERES19DEL02",21,4.9,18.563934,73.915367,18.643935,73.995367,"Buffet","motorcycle",19,12.2698060982059,38.7467560995976
"9201","BANGRES08DEL01",29,4.6,12.906229,77.596791,13.016229,77.706791,"Meal","motorcycle",29,17.0980664631563,35.3753099237718
"A940","BANGRES010DEL03",22,4.7,12.933298,77.614293,13.023298,77.704293,"Snack","motorcycle",24,13.9888600107362,34.9721500268405
"604","MYSRES20DEL01",29,4.6,12.337978,76.616792,12.377978,76.656792,"Drinks","scooter",27,6.22465441077015,13.832565357267
"D6EF","AGRRES01DEL02",24,4.4,27.161661,78.011544,27.241661,78.091544,"Meal","scooter",40,11.9182792378057,17.8774188567086
"8CE7","CHENRES010DEL01",27,4.6,13.066762,80.251865,13.076762,80.261865,"Drinks","scooter",12,1.55403227531566,7.77016137657831
"9873","COIMBRES20DEL02",33,4.1,10.994136,76.963303,11.074136,77.043303,"Drinks","motorcycle",43,12.4784912266858,17.4118482232825
"29AB","HYDRES16DEL01",35,4.6,17.440827,78.393391,17.550827,78.503391,"Meal","scooter",26,16.9214306504815,39.0494553472651
"8198","COIMBRES14DEL03",21,4.7,11.003681,76.975525,11.033681,77.005525,"Buffet","scooter",27,4.67955508335774,10.3990112963505
"7B24","CHENRES11DEL03",39,4.4,13.064181,80.236442,13.154181,80.326442,"Meal","motorcycle",35,13.9852556320598,23.9747239406739
"92EC","CHENRES010DEL02",34,4.8,13.066762,80.251865,13.116762,80.301865,"Drinks","scooter",27,7.7698543964035,17.2663431031189
"1ACA","SURRES16DEL01",29,4.9,21.160437,72.774209,21.200437,72.814209,"Drinks","motorcycle",27,6.08820168520968,13.5293370782437
"A348","MUMRES07DEL02",20,4.7,19.091458,72.827808,19.111458,72.847808,"Buffet","scooter",17,3.06313754725376,10.8110736961897
"14D0","RANCHIRES01DEL03",30,4.7,23.416792,85.316842,23.476792,85.376842,"Drinks","motorcycle",15,9.06419559275392,36.2567823710157
"D800","DEHRES07DEL02",37,4.7,30.362686,78.06889,30.492686,78.19889,"Buffet","scooter",39,19.1084928122202,29.3976812495696
"17DB","INDORES08DEL03",39,4.6,22.725748,75.898497,22.755747,75.928497,"Drinks","motorcycle",25,4.54294390008121,10.9030653601949
"6D58","HYDRES01DEL01",26,5,17.410371,78.437225,17.520371,78.547225,"Drinks","motorcycle",18,16.9227801258079,56.4092670860264
"A20A","PUNERES13DEL03",21,4.7,18.56245,73.916619,18.65245,74.006619,"Drinks","scooter",28,13.8033058455965,29.5785125262782
"7C9E","BANGRES20DEL02",35,4.8,12.972161,77.596014,12.992161,77.616014,"Snack","scooter",29,3.10861220634892,6.43161146141156
"5EF3","RANCHIRES01DEL03",39,4.6,23.416792,85.316842,23.446792,85.346842,"Buffet","motorcycle",32,4.53233303371853,8.49812443822224
"80C2","BANGRES08DEL02",39,5,12.906229,77.596791,13.036229,77.726791,"Meal","motorcycle",41,20.2064095696073,29.570355467718
"D2B0","KOCRES20DEL01",27,4.9,9.979186,76.317361,10.049186,76.387361,"Drinks","motorcycle",39,10.9364423090302,16.8252958600464
"70FF","CHENRES16DEL03",33,4.8,13.049645,80.242268,13.079645,80.272268,"Drinks","scooter",16,4.66216224660234,17.4831084247588
"548E","HYDRES04DEL02",33,4.8,17.411028,78.329645,17.541028,78.459645,"Meal","motorcycle",48,19.9990906685567,24.9988633356958
"26F1","BANGRES01DEL01",37,4.7,12.933284,77.615428,13.003284,77.685428,"Buffet","motorcycle",40,10.8804380974065,16.3206571461098
"4A1B","COIMBRES12DEL02",20,4.6,11.000762,76.981876,11.020762,77.001876,"Drinks","motorcycle",11,3.11974458434793,17.0167886418978
"5561","PUNERES010DEL01",31,4.2,18.539299,73.897902,18.609299,73.967902,"Drinks","scooter",35,10.7368936457001,18.4061033926287
"AFD4","COIMBRES19DEL02",27,4.6,11.022298,76.998349,11.042298,77.018349,"Buffet","electric_scooter",16,3.11963251522415,11.6986219320906
"6957","VADRES010DEL02",37,4.9,22.310329,73.169083,22.360329,73.219083,"Drinks","scooter",15,7.58195186524693,30.3278074609877
"9151","BANGRES14DEL02",34,4.4,12.949934,77.699386,12.999934,77.749386,"Buffet","scooter",31,7.77164043437644,15.0418847116963
"9D4C","COIMBRES05DEL03",25,4.7,11.022169,76.999594,11.082169,77.059594,"Snack","motorcycle",11,9.35858655225781,51.0468357395881
"D413","AURGRES07DEL02",37,4.7,19.875908,75.358888,19.925908,75.408888,"Meal","motorcycle",22,7.64006097013115,20.8365299185395
"C677","KOCRES11DEL01",23,4.7,10.006881,76.345397,10.076881,76.415397,"Meal","scooter",16,10.9359821181677,41.0099329431288
"4421","MYSRES17DEL01",27,5,12.326356,76.619103,12.366356,76.659103,"Drinks","motorcycle",24,6.2247894252391,15.5619735630978
"A631","HYDRES13DEL02",36,4.7,17.431477,78.40035,17.451477,78.42035,"Snack","electric_scooter",16,3.07706163510904,11.5389811316589
"3A16","JAPRES14DEL03",30,4.3,26.88842,75.800689,27.02842,75.940689,"Snack","motorcycle",42,20.8770145429202,29.824306489886
"A04","COIMBRES13DEL01",28,4.7,11.003669,76.976494,11.073669,77.046494,"Snack","scooter",31,10.9185972718386,21.132768913236
"58C2","CHENRES08DEL02",20,4.7,13.022394,80.242439,13.072394,80.292439,"Drinks","scooter",16,7.7705344854025,29.1395043202594
"BBC6","PUNERES04DEL01",22,4.7,18.51421,73.838429,18.62421,73.948429,"Buffet","motorcycle",16,16.8724986979708,63.2718701173906
"50C4","MYSRES15DEL01",28,4.7,12.352058,76.60665,12.462058,76.71665,"Buffet","motorcycle",25,17.1162266376882,41.0789439304518
"BCD5","SURRES03DEL01",34,4.8,21.186884,72.793616,21.196884,72.803616,"Buffet","electric_scooter",18,1.52199562942092,5.07331876473639
"6234","VADRES01DEL01",25,4.8,22.307898,73.167788,22.417898,73.277788,"Drinks","scooter",26,16.6787713149785,38.489472265335
"CC11","AURGRES05DEL02",38,5,19.875522,75.367127,19.925522,75.417127,"Meal","scooter",34,7.64006971367481,13.4824759653085
"6445","JAPRES17DEL02",34,3.5,26.892312,75.806896,26.972313,75.886896,"Snack","motorcycle",32,11.9310310350197,22.3706831906619
"33DC","VADRES13DEL01",24,4.9,22.310237,73.158921,22.420237,73.268921,"Drinks","motorcycle",22,16.6786421758444,45.4872059341211
"ACD8","RANCHIRES04DEL03",33,4.6,23.359033,85.325347,23.449033,85.415347,"Snack","motorcycle",50,13.5983024268823,16.3179629122587
"BFB4","KOLRES14DEL02",21,4.6,22.552996,88.35231,22.572996,88.37231,"Snack","scooter",16,3.03048790892467,11.3643296584675
"D989","KOLRES04DEL03",25,4.6,22.538731,88.364878,22.598731,88.424878,"Drinks","motorcycle",23,9.09128939243268,23.716407110694
"8B3F","VADRES14DEL01",23,4.9,22.311603,73.165012,22.351603,73.205012,"Buffet","motorcycle",19,6.06563626283477,19.1546408300045
"DEB4","LUDHRES06DEL02",34,4.9,30.895204,75.822103,30.945204,75.872103,"Snack","motorcycle",25,7.33350560457888,17.6004134509893
"A243","HYDRES010DEL01",25,4.7,17.428294,78.404423,17.498294,78.474423,"Snack","scooter",37,10.7691010629188,17.4634071290576
"6436","PUNERES07DEL01",34,3.7,18.546947,73.900626,18.656947,74.010626,"Buffet","scooter",34,16.8709646672424,29.7722905892512
"5D2D","JAPRES20DEL01",24,4.5,26.956431,75.776649,27.066431,75.886649,"Meal","scooter",14,16.3999497892822,70.2854990969238
"BB22","CHENRES14DEL03",31,5,13.026279,80.174568,13.086279,80.234568,"Buffet","motorcycle",26,9.32447808655341,21.5180263535848
"8B2B","MUMRES14DEL03",38,4.6,19.1813,72.836191,19.2413,72.896191,"Buffet","scooter",30,9.18652702144631,18.3730540428926
"C1EC","DEHRES04DEL03",32,4.8,30.340722,78.060221,30.430722,78.150221,"Buffet","motorcycle",17,13.231383603357,46.6990009530246
"DE6F","AURGRES03DEL03",28,5,19.874733,75.353942,19.964733,75.443942,"Buffet","motorcycle",29,13.7513411712102,28.4510506990557
"33A0","JAPRES06DEL03",29,4.5,26.911927,75.797282,27.001927,75.887282,"Drinks","motorcycle",37,13.4210183874048,21.7638136011969
"B712","CHENRES05DEL02",28,4.8,13.058616,80.264151,13.188616,80.394151,"Drinks","electric_scooter",23,20.2003462100822,52.6965553306491
"8299","MYSRES15DEL02",39,4.8,12.352058,76.60665,12.402058,76.65665,"Drinks","motorcycle",30,7.78054056224126,15.5610811244825
"9155","INDORES05DEL02",26,4.8,22.727021,75.884167,22.747021,75.904167,"Buffet","scooter",14,3.0287217815972,12.9802362068451
"3D8C","INDORES02DEL03",33,4.8,22.651847,75.881991,22.681847,75.911991,"Buffet","electric_scooter",28,4.54415301407372,9.73747074444368
"D3FA","ALHRES17DEL03",37,4.9,25.45235,81.841889,25.48235,81.871889,"Drinks","scooter",27,4.49928061764738,9.99840137254973
"BB9","BANGRES08DEL03",29,4.6,12.906229,77.596791,12.966229,77.656791,"Drinks","scooter",24,9.3266744493923,23.3166861234807
